{
	"model": {
		"type": "minecraft:select",
		"property": "minecraft:custom_model_data",
		"fallback": {
			"type":"minecraft:model",
			"model":"minecraft:item/tipped_arrow",
			"tints": [
				{
					"type": "minecraft:potion",
					"default": -13083194
				}
			]
		}, 
		"cases": [
			{
				"when": "shulker_bullet_arrow",
				"model": {
					"type":"minecraft:model",
					"model":"minecraft:item/shulker_bullet_arrow"
				}
			},
			{
				"when": "lightning_arrow",
				"model": {
					"type":"minecraft:model",
					"model":"minecraft:item/lightning_arrow"
				}
			},
			{
				"when": "tnt_arrow",
				"model": {
					"type":"minecraft:model",
					"model":"minecraft:item/tnt_arrow"
				}
			},
			{
				"when": "freeze_arrow",
				"model": {
					"type":"minecraft:model",
					"model":"minecraft:item/freeze_arrow"
				}
			},
			{
				"when": "tp_arrow",
				"model": {
					"type":"minecraft:model",
					"model":"minecraft:item/tp_arrow"
				}
			},
			{
				"when": "trap_arrow",
				"model": {
					"type":"minecraft:model",
					"model":"minecraft:item/trap_arrow"
				}
			},
			{
				"when": "fangs_arrow",
				"model": {
					"type":"minecraft:model",
					"model":"minecraft:item/fangs_arrow"
				}
			},
			{
				"when": "quicksand_arrow",
				"model": {
					"type":"minecraft:model",
					"model":"minecraft:item/quicksand_arrow"
				}
			},
			{
				"when": "witch_arrow",
				"model": {
					"type":"minecraft:model",
					"model":"minecraft:item/witch_arrow"
				}
			},
			{
				"when": "spider_arrow",
				"model": {
					"type":"minecraft:model",
					"model":"minecraft:item/spider_arrow"
				}
			},
			{
				"when": "anvil_arrow",
				"model": {
					"type":"minecraft:model",
					"model":"minecraft:item/anvil_arrow"
				}
			},
			{
				"when": "torch_arrow",
				"model": {
					"type":"minecraft:model",
					"model":"minecraft:item/torch_arrow"
				}
			},
			{
				"when": "dragon_breath_arrow",
				"model": {
					"type":"minecraft:model",
					"model":"minecraft:item/dragon_breath_arrow"
				}
			},
			{
				"when": "spike_arrow",
				"model": {
					"type":"minecraft:model",
					"model":"minecraft:item/spike_arrow"
				}
			}
		]
	}
}