{
	"criteria": {
		"requirement": {
			"trigger": "minecraft:placed_block",
			"conditions": {
				"location": [
					{
						"condition": "minecraft:match_tool",
						"predicate": {
							"items": "minecraft:spawner",
							"components": {
								"minecraft:custom_data": {"usftrader_setspawner":"spider"}
							}
						}
					},
					{
						"condition": "minecraft:block_state_property",
						"block": "minecraft:spawner",
						"properties": {}
					}
				]
			}
		}
	},
	"rewards": {
		"function": "usftrader:items/epic/spawner_breaker/place/spider"
	}
}