[
    {
        "condition": "minecraft:any_of",
        "terms": [
            {
                "condition": "minecraft:reference",
                "name": "powerench_main:tools/pickaxe"
            },
            {
                "condition": "minecraft:reference",
                "name": "powerench_main:tools/shovel"
            }
        ]
    },
    {
        "condition": "minecraft:entity_properties",
        "entity": "this",
        "predicate": {
            "equipment": {
                "mainhand": {
                    "nbt": "{PoweredEnchantments:[{id:\"minecraft:big_mining\"}]}"
                }
            }
        }
    }
]
