{
  "type": "minecraft:empty",
  "pools": [
    {
      "rolls": 1,
      "entries": [
        {
          "type": "minecraft:item",
          "name": "minecraft:splash_potion",
          "weight": 5,
          "functions": [
            {
              "function": "minecraft:set_nbt",
              "tag": "{custom_potion_effects:[{id:\"minecraft:slowness\",amplifier:0b,duration:500}]}"
            }
          ]
        },
        {
          "type": "minecraft:item",
          "name": "minecraft:splash_potion",
          "weight": 4,
          "functions": [
            {
              "function": "minecraft:set_nbt",
              "tag": "{custom_potion_effects:[{id:\"minecraft:nausea\",amplifier:0b,duration:100}]}"
            }
          ]
        },
        {
          "type": "minecraft:item",
          "name": "minecraft:splash_potion",
          "weight": 4,
          "functions": [
            {
              "function": "minecraft:set_nbt",
              "tag": "{custom_potion_effects:[{id:\"minecraft:blindness\",amplifier:0b,duration:100}]}"
            }
          ]
        },
        {
          "type": "minecraft:item",
          "name": "minecraft:splash_potion",
          "weight": 3,
          "functions": [
            {
              "function": "minecraft:set_nbt",
              "tag": "{custom_potion_effects:[{id:\"minecraft:hunger\",amplifier:0b,duration:500}]}"
            }
          ]
        },
        {
          "type": "minecraft:item",
          "name": "minecraft:splash_potion",
          "weight": 5,
          "functions": [
            {
              "function": "minecraft:set_nbt",
              "tag": "{custom_potion_effects:[{id:\"minecraft:weakness\",amplifier:0b,duration:500}]}"
            }
          ]
        },
        {
          "type": "minecraft:item",
          "name": "minecraft:splash_potion",
          "weight": 2,
          "functions": [
            {
              "function": "minecraft:set_nbt",
              "tag": "{custom_potion_effects:[{id:\"minecraft:poison\",amplifier:0b,duration:100}]}"
            }
          ]
        },
        {
          "type": "minecraft:item",
          "name": "minecraft:splash_potion",
          "weight": 2,
          "functions": [
            {
              "function": "minecraft:set_nbt",
              "tag": "{custom_potion_effects:[{id:\"minecraft:wither\",amplifier:0b,duration:100}]}"
            }
          ]
        }
      ]
    }
  ]
}
