{
  "type": "minecraft:entity",
  "pools": [
    {
      "rolls": 1,
      "entries": [
        {
          "type": "minecraft:item",
          "name": "minecraft:bone",
          "functions": [
            {
              "function": "minecraft:set_count",
              "count": {
                "min": 0,
                "max": 2,
                "type": "minecraft:uniform"
              }
            },
            {
              "function": "minecraft:looting_enchant",
              "count": {
                "min": 0,
                "max": 1
              }
            },
            {
              "function": "minecraft:set_nbt",
              "tag": "{wither_soldier:1b,display:{Name:'{\"text\":\"Wither Bone\",\"italic\":false}'},CustomModelData:453524457}"
            }
          ]
        }
      ]
    }
  ]
}
