{
	"credit": "Made with Blockbench",
	"texture_size": [64, 32],
	"textures": {
		"0": "entity/enchanting_table_book",
		"particle": "entity/enchanting_table_book"
	},
	"elements": [
		{
			"name": "right_cover",
			"from": [1, 0, 3],
			"to": [7, 0.01, 13],
			"rotation": {"angle": -22.5, "axis": "z", "origin": [7, 0, 8]},
			"faces": {
				"up": {"uv": [0, 0, 1.5, 5], "texture": "#0"},
				"down": {"uv": [1.5, 0, 3, 5], "rotation": 180, "texture": "#0"}
			}
		},
		{
			"name": "left_cover",
			"from": [9, 0.001, 3],
			"to": [15, 0.011, 13],
			"rotation": {"angle": 22.5, "axis": "z", "origin": [9, 0, 8]},
			"faces": {
				"up": {"uv": [4, 0, 5.5, 5], "texture": "#0"},
				"down": {"uv": [5.5, 0, 7, 5], "rotation": 180, "texture": "#0"}
			}
		},
		{
			"name": "back_cover",
			"from": [7, 0, 3],
			"to": [9, 0.01, 13],
			"rotation": {"angle": 0, "axis": "z", "origin": [8, 1, 8]},
			"faces": {
				"up": {"uv": [3.5, 0, 4, 2.5], "texture": "#0"},
				"down": {"uv": [3, 0, 3.5, 2.5], "texture": "#0"}
			}
		},
		{
			"name": "right_pages",
			"from": [3, 0, 4],
			"to": [8, 1, 12],
			"rotation": {"angle": -22.5, "axis": "z", "origin": [8, 1, 8]},
			"faces": {
				"north": {"uv": [3.25, 5, 4.5, 5.5], "texture": "#0"},
				"east": {"uv": [4.75, 2.75, 4.5, 4.75], "texture": "#0"},
				"south": {"uv": [4.75, 5, 5.75, 5.5], "texture": "#0"},
				"west": {"uv": [4.5, 5.5, 4.75, 9.5], "texture": "#0"},
				"up": {"uv": [4.75, 5.5, 6, 9.5], "texture": "#0"},
				"down": {"uv": [0.25, 2.75, 1.5, 4.75], "texture": "#0"}
			}
		},
		{
			"name": "left_pages",
			"from": [8, 0, 4],
			"to": [13, 1, 12],
			"rotation": {"angle": 22.5, "axis": "z", "origin": [8, 1, 8]},
			"faces": {
				"north": {"uv": [4.75, 5, 5.75, 5.5], "texture": "#0"},
				"east": {"uv": [4.5, 5.5, 4.75, 9.5], "texture": "#0"},
				"south": {"uv": [3.25, 5, 4.5, 5.5], "texture": "#0"},
				"west": {"uv": [4.75, 2.75, 4.5, 4.75], "texture": "#0"},
				"up": {"uv": [3.25, 5.5, 4.5, 9.5], "texture": "#0"},
				"down": {"uv": [4.75, 2.75, 6, 4.75], "texture": "#0"}
			}
		}
	],
	"gui_light": "front",
	"display": {
		"thirdperson_righthand": {
			"rotation": [100, 0, 0],
			"translation": [0, 1, 7.5]
		},
		"thirdperson_lefthand": {
			"rotation": [100, 0, 0],
			"translation": [0, 1, 7.5]
		},
		"firstperson_righthand": {
			"translation": [-2, 8, 0]
		},
		"firstperson_lefthand": {
			"translation": [-2, 8, 0]
		},
		"ground": {
			"translation": [0, 4.5, 0]
		},
		"gui": {
			"rotation": [90, 0, 0]
		},
		"head": {
			"rotation": [14, 0, 0],
			"translation": [0, 10, 0],
			"scale": [1.6, 1.6, 1.6]
		},
		"fixed": {
			"rotation": [-90, 0, 0],
			"translation": [0, 0, -8]
		}
	},
	"groups": [
		{
			"name": "cover",
			"origin": [8, 8, 8],
			"children": [0, 1, 2]
		},
		{
			"name": "pages",
			"origin": [8, 8, 8],
			"children": [3, 4]
		}
	]
}