{
	"criteria": {
		"requirement": {
			"trigger": "minecraft:item_used_on_block",
			"conditions": {
				"location": [
					{
						"condition": "minecraft:value_check",
						"value": {
							"type": "minecraft:score",
							"target": {
								"type": "minecraft:fixed",
								"name": "#enable_doors"
							},
							"score": "keylock"
						},
						"range": 1
					},
					{
						"condition": "minecraft:location_check",
						"predicate": {
							"block": {
								"tag": "keylock:doors"
							}
						}
					}
				]
			}
		}
	},
	"rewards": {
		"function": "keylock:door/open/action"
	}
}
