{
  "condition": "minecraft:alternative",
  "terms": [
    {
      "condition": "minecraft:entity_scores",
      "entity": "this",
      "scores": {
        "powerench_wood_s": {
          "min": 1,
          "max": 1000
        }
      }
    },
    {
      "condition": "minecraft:entity_scores",
      "entity": "this",
      "scores": {
        "powerench_rock_s": {
          "min": 1,
          "max": 1000
        }
      }
    },
    {
      "condition": "minecraft:entity_scores",
      "entity": "this",
      "scores": {
        "powerench_gold_s": {
          "min": 1,
          "max": 1000
        }
      }
    },
    {
      "condition": "minecraft:entity_scores",
      "entity": "this",
      "scores": {
        "powerench_iron_s": {
          "min": 1,
          "max": 1000
        }
      }
    },
    {
      "condition": "minecraft:entity_scores",
      "entity": "this",
      "scores": {
        "powerench_dia_s": {
          "min": 1,
          "max": 1000
        }
      }
    },
    {
      "condition": "minecraft:entity_scores",
      "entity": "this",
      "scores": {
        "powerench_net_s": {
          "min": 1,
          "max": 1000
        }
      }
    }
  ]
}
