{
	"type": "minecraft:crafting_shaped",
	"pattern": [
		"gg",
		"gg",
		" g"
	],
	"key": {
		"g": "minecraft:gold_ingot"
	},
	"result": {
		"id": "minecraft:warped_fungus_on_a_stick",
		"count": 1,
		"components": {
			"minecraft:item_name": "Key",
			"minecraft:item_model": "minecraft:warped_fungus_on_a_stick",
			"minecraft:custom_model_data": {
				"strings": [
					"cmdg_key"
				]
			},
			"minecraft:max_damage": 400,
			"minecraft:repairable": {
				"items": "minecraft:gold_ingot"
			},
			"minecraft:custom_data": {
				"keylock": true
			}
		}
	}
}