{
    "credit": "Made with Blockbench",
    "textures": {
        "0": "item/gateway_portal",
        "particle": "item/gateway_portal"
    },
    "elements": [
        {
            "from": [4, 0, 4],
            "to": [12, 8, 12],
            "faces": {
                "north": {"uv": [2, 2, 12, 12], "texture": "#0"},
                "east": {"uv": [2, 2, 12, 12], "texture": "#0"},
                "south": {"uv": [2, 2, 12, 12], "texture": "#0"},
                "west": {"uv": [2, 2, 12, 12], "texture": "#0"},
                "up": {"uv": [2, 2, 12, 12], "texture": "#0"},
                "down": {"uv": [2, 2, 12, 12], "texture": "#0"}
            }
        }
    ],
    "display": {
        "thirdperson_righthand": {
            "translation": [0, 2, 0]
        },
        "thirdperson_lefthand": {
            "translation": [0, 2, 0]
        },
        "ground": {
            "scale": [0.6, 0.6, 0.6],
            "translation": [0, 3, 0]
        },
        "gui": {
            "rotation": [30, 45, 0],
            "translation": [0, 3, 0]
        },
        "head": {
            "translation": [0, 8, 0],
            "scale": [2, 2, 2]
        },
        "fixed": {
            "translation": [0, 3, 0]
        }
    }
}