{
  "condition": "minecraft:alternative",
  "terms": [
    {
      "condition": "minecraft:entity_scores",
      "entity": "this",
      "scores": {
        "powerench_wood_p": {
          "min": 1,
          "max": 1000
        }
      }
    },
    {
      "condition": "minecraft:entity_scores",
      "entity": "this",
      "scores": {
        "powerench_rock_p": {
          "min": 1,
          "max": 1000
        }
      }
    },
    {
      "condition": "minecraft:entity_scores",
      "entity": "this",
      "scores": {
        "powerench_gold_p": {
          "min": 1,
          "max": 1000
        }
      }
    },
    {
      "condition": "minecraft:entity_scores",
      "entity": "this",
      "scores": {
        "powerench_iron_p": {
          "min": 1,
          "max": 1000
        }
      }
    },
    {
      "condition": "minecraft:entity_scores",
      "entity": "this",
      "scores": {
        "powerench_dia_p": {
          "min": 1,
          "max": 1000
        }
      }
    },
    {
      "condition": "minecraft:entity_scores",
      "entity": "this",
      "scores": {
        "powerench_net_p": {
          "min": 1,
          "max": 1000
        }
      }
    }
  ]
}