{
	"credit": "Made with Blockbench",
	"texture_size": [8, 8],
	"textures": {
		"0": "item/wither_soldier_eyes",
		"particle": "item/wither_soldier_eyes"
	},
	"elements": [
		{
			"from": [0, 0, 0],
			"to": [16, 16, 16],
			"faces": {
				"north": {"uv": [6, 8, 10, 12], "texture": "#0"},
				"east": {"uv": [2, 8, 6, 12], "texture": "#0"},
				"south": {"uv": [2, 4, 6, 8], "texture": "#0"},
				"west": {"uv": [10, 8, 14, 12], "texture": "#0"},
				"up": {"uv": [6, 4, 10, 8], "texture": "#0"},
				"down": {"uv": [10, 4, 14, 8], "texture": "#0"}
			}
		}
	],
	"display": {
		"thirdperson_righthand": {
			"scale": [0.5, 0.5, 0.5]
		},
		"thirdperson_lefthand": {
			"scale": [0.5, 0.5, 0.5]
		},
		"firstperson_righthand": {
			"scale": [0.5, 0.5, 0.5]
		},
		"firstperson_lefthand": {
			"scale": [0.5, 0.5, 0.5]
		},
		"head": {
			"scale": [0.801, 0.801, 0.801]
		}
	}
}