{
  "rewards": {
    "function": "powerench:enchantments/life_steal/detect"
  },
  "criteria": {
    "requirement": {
      "trigger": "minecraft:player_hurt_entity",
      "conditions": {
        "damage": {
          "taken": {},
          "source_entity": {
            "flags": {
              "is_sprinting": false
            },
            "equipment": {
              "mainhand": {
                "nbt": "{Enchantments:[{id:\"minecraft:life_steal\"}]}"
              }
            }
          }
        }
      }
    }
  }
}