{
    "type": "minecraft:crafting_shapeless",
    "ingredients": [
        "minecraft:arrow",
        "minecraft:blue_ice"
    ],
	"result": {
        "id": "minecraft:tipped_arrow",
        "count": 1,
		"components": {
			"hide_additional_tooltip": {},
			"custom_model_data": 4523475,
			"item_name": "'Freeze Arrow'",
			"potion_contents":{
				"custom_color":2745087,
				"custom_effects":[
					{
						"id":"minecraft:unluck",
						"amplifier":21,
						"duration":2562900,
						"show_particles":false
					}
				]
			}
		}
    }
}