{
    "type": "minecraft:crafting_shapeless",
    "ingredients": [
        "minecraft:arrow",
        "minecraft:cobweb"
    ],
	"result": {
        "id": "minecraft:tipped_arrow",
        "count": 1,
		"components": {
			"hide_additional_tooltip": {},
			"custom_model_data": 4523481,
			"item_name": "'Spider Arrow'",
			"potion_contents":{
				"custom_color":12105912,
				"custom_effects":[
					{
						"id":"minecraft:unluck",
						"amplifier":27,
						"duration":2562900,
						"show_particles":false
					}
				]
			}
		}
    }
}