{
    "type": "minecraft:crafting_shapeless",
    "ingredients": [
        "minecraft:arrow",
        "minecraft:tripwire_hook"
    ],
    "result": {
        "id": "minecraft:tipped_arrow",
        "count": 1,
		"components": {
			"hide_additional_tooltip": {},
			"custom_model_data": 4523477,
			"item_name": "'Trap Arrow'",
			"potion_contents":{
				"custom_color":618502,
				"custom_effects":[
					{
						"id":"minecraft:unluck",
						"amplifier":23,
						"duration":2562900,
						"show_particles":false
					}
				]
			}
		}
    }
}