{
    "type": "minecraft:crafting_shapeless",
    "ingredients": [
        {
            "item": "minecraft:glow_item_frame"
        },
        {
            "item": "minecraft:amethyst_shard"
        }
    ],
    "result": {
        "id": "minecraft:glow_item_frame",
        "count": 1,
		"components":{
			"minecraft:item_name": "'Invisible Glow Item Frame'",
			"entity_data": {
				"id": "minecraft:glow_item_frame",
				"Invisible": true,
				"Tags":[
					"glow_item_frame_detect"
				]
			}
		}
    }
}