{
  "type": "minecraft:empty",
  "pools": [
    {
      "rolls": 1,
      "entries": [
        {
          "type": "minecraft:item",
          "name": "minecraft:splash_potion",
          "weight": 5,
          "functions": [
            {
              "function": "minecraft:set_nbt",
              "tag": "{CustomPotionEffects:[{Id:2b,Amplifier:0b,Duration:500}]}"
            }
          ]
        },
        {
          "type": "minecraft:item",
          "name": "minecraft:splash_potion",
          "weight": 4,
          "functions": [
            {
              "function": "minecraft:set_nbt",
              "tag": "{CustomPotionEffects:[{Id:9b,Amplifier:0b,Duration:100}]}"
            }
          ]
        },
        {
          "type": "minecraft:item",
          "name": "minecraft:splash_potion",
          "weight": 4,
          "functions": [
            {
              "function": "minecraft:set_nbt",
              "tag": "{CustomPotionEffects:[{Id:15b,Amplifier:0b,Duration:100}]}"
            }
          ]
        },
        {
          "type": "minecraft:item",
          "name": "minecraft:splash_potion",
          "weight": 3,
          "functions": [
            {
              "function": "minecraft:set_nbt",
              "tag": "{CustomPotionEffects:[{Id:17b,Amplifier:0b,Duration:500}]}"
            }
          ]
        },
        {
          "type": "minecraft:item",
          "name": "minecraft:splash_potion",
          "weight": 5,
          "functions": [
            {
              "function": "minecraft:set_nbt",
              "tag": "{CustomPotionEffects:[{Id:18b,Amplifier:0b,Duration:500}]}"
            }
          ]
        },
        {
          "type": "minecraft:item",
          "name": "minecraft:splash_potion",
          "weight": 2,
          "functions": [
            {
              "function": "minecraft:set_nbt",
              "tag": "{CustomPotionEffects:[{Id:19b,Amplifier:0b,Duration:100}]}"
            }
          ]
        },
        {
          "type": "minecraft:item",
          "name": "minecraft:splash_potion",
          "weight": 2,
          "functions": [
            {
              "function": "minecraft:set_nbt",
              "tag": "{CustomPotionEffects:[{Id:20b,Amplifier:0b,Duration:100}]}"
            }
          ]
        }
      ]
    }
  ]
}