{
	"condition": "minecraft:any_of",
		"terms":[
		{
			"condition": "minecraft:value_check",
			"value": {
				"type": "minecraft:score",
				"target": {
					"type": "minecraft:fixed",
					"name": "#auto_doors"
				},
				"score": "keylock"
			},
			"range": 1
		},
		{
			"condition": "minecraft:value_check",
			"value": {
				"type": "minecraft:score",
				"target": {
					"type": "minecraft:fixed",
					"name": "#open_doors"
				},
				"score": "keylock"
			},
			"range": 1
		}
	]
}