{
  "criteria": {
    "has_amethyst_shard": {
      "conditions": {
        "items": [
          {
            "items": "minecraft:amethyst_shard"
          }
        ]
      },
      "trigger": "minecraft:inventory_changed"
    },
    "has_the_recipe": {
      "conditions": {
        "recipe": "item_frame:invisible_glow_item_frame"
      },
      "trigger": "minecraft:recipe_unlocked"
    }
  },
  "requirements": [
    [
      "has_the_recipe",
      "has_amethyst_shard"
    ]
  ],
  "rewards": {
    "recipes": [
      "item_frame:invisible_glow_item_frame"
    ]
  }
}