{
	"condition": "minecraft:any_of",
	"terms": [
		{
			"condition": "minecraft:entity_properties",
			"entity": "this",
			"predicate": {
				"slots": {
					"hotbar.*": {
						"components": {
							"minecraft:custom_data": {
								"usftrader_death_coords": true
							}
						}
					}
				}
			}
		},
		{
			"condition": "minecraft:entity_properties",
			"entity": "this",
			"predicate": {
				"slots": {
					"inventory.*": {
						"components": {
							"minecraft:custom_data": {
								"usftrader_death_coords": true
							}
						}
					}
				}
			}
		}
	]
}