{
  "criteria": {
    "has_egg": {
      "conditions": {
        "items": [
          {
            "items": "minecraft:egg"
          }
        ]
      },
      "trigger": "minecraft:inventory_changed"
    },
    "has_the_recipe": {
      "conditions": {
        "recipe": "fried_eggs:fried_eggs_from_campfire_cooking"
      },
      "trigger": "minecraft:recipe_unlocked"
    }
  },
  "requirements": [
    [
      "has_the_recipe",
      "has_egg"
    ]
  ],
  "rewards": {
    "recipes": [
      "fried_eggs:fried_eggs_from_campfire_cooking"
    ]
  }
}