{
	"parent": "minecraft:recipes/root",
	"criteria": {
	  "has_phantom_membrane": {
		"conditions": {
		  "items": [
			{
			  "items": "minecraft:phantom_membrane"
			}
		  ]
		},
		"trigger": "minecraft:inventory_changed"
	  },
	  "has_the_recipe": {
		"conditions": {
		  "recipe": "more_arrows:quicksand"
		},
		"trigger": "minecraft:recipe_unlocked"
	  }
	},
	"requirements": [
	  [
		"has_the_recipe",
		"has_phantom_membrane"
	  ]
	],
	"rewards": {
	  "recipes": [
		"more_arrows:quicksand"
	  ]
	}
  }