{
	"model": {
		"type": "minecraft:select",
		"property": "minecraft:custom_model_data",
		"fallback": {
			"type":"minecraft:model",
			"model":"minecraft:item/armor_stand"
		}, 
		"cases": [
			{
				"when": "creeper_disruptor",
				"model": {
					"type":"minecraft:model",
					"model":"minecraft:item/creeper_disruptor"
				}
			},
			{
				"when": "toggle_weather",
				"model": {
					"type":"minecraft:model",
					"model":"minecraft:item/toggle_weather"
				}
			},
			{
				"when": "toggle_day",
				"model": {
					"type":"minecraft:model",
					"model":"minecraft:item/toggle_day"
				}
			}
		]
	}
}