{
	"model": {
		"type": "minecraft:select",
		"property": "minecraft:custom_model_data",
		"fallback": {
			"type": "minecraft:model",
			"model": "minecraft:item/template_spawn_egg",
			"tints": [
				{
					"type": "minecraft:constant",
					"value": -394759
				},
				{
					"type": "minecraft:constant",
					"value": -4408132
				}
			]
		}, 
		"cases": [
			{
				"when": "bone_dust",
				"model": {
					"type":"minecraft:model",
					"model":"minecraft:item/bone_dust"
				}
			}
		]
	}
}