{
  "criteria": {
    "has_gold_ingot": {
      "conditions": {
        "items": [
          {
            "items": "minecraft:gold_ingot"
          }
        ]
      },
      "trigger": "minecraft:inventory_changed"
    },
    "has_the_recipe": {
      "conditions": {
        "recipe": "keylock:recipe"
      },
      "trigger": "minecraft:recipe_unlocked"
    }
  },
  "requirements": [
    [
      "has_the_recipe",
      "has_gold_ingot"
    ]
  ],
  "rewards": {
    "recipes": [
      "keylock:recipe"
    ]
  }
}