{
	"condition": "minecraft:any_of",
	"terms": [
		{
			"condition": "minecraft:value_check",
			"value": {
				"type": "minecraft:score",
				"target": {
					"type": "minecraft:fixed",
					"name": "#enable_doors"
				},
				"score": "keylock"
			},
			"range": 1
		},
		{
			"condition": "minecraft:value_check",
			"value": {
				"type": "minecraft:score",
				"target": {
					"type": "minecraft:fixed",
					"name": "#enable_trapgate"
				},
				"score": "keylock"
			},
			"range": 1
		}
	]
}
