[
    {
        "function": "minecraft:set_name",
        "entity": "this",
        "name": {
            "nbt": "name",
            "storage": "powerench:enchanting",
            "color": "aqua",
            "italic": false,
            "extra": [
                {
                    "nbt": "level",
                    "storage": "powerench:enchanting"
                }
            ]
        }
    },
    {
        "function": "minecraft:set_lore",
        "entity": "this",
        "lore": [
            {
                "nbt": "name",
                "storage": "powerench:enchanting",
                "color": "gray",
                "italic": false,
                "extra": [
                    {
                        "nbt": "level",
                        "storage": "powerench:enchanting"
                    }
                ]
            }
        ]
    }
]
