{
	"criteria": {
		"detective": {
			"trigger": "minecraft:entity_hurt_player",
			"conditions": {
				"player": [
					{
						"condition": "minecraft:all_of",
						"terms": [
							{
								"condition": "minecraft:value_check",
								"value": {
									"type": "minecraft:score",
									"target": {
										"type": "minecraft:fixed",
										"name": "#game"
									},
									"score": "murder"
								},
								"range": 3
							},
							{
								"condition": "minecraft:entity_properties",
								"entity": "this",
								"predicate": {
									"nbt": "{Tags:['murder_player']}"
								}
							}
						]
					}
				],
				"damage": {
					"type": {
						"direct_entity": {
							"type": "minecraft:arrow"
						}
					}
				}
			}
		},
		"murder": {
			"trigger": "minecraft:entity_hurt_player",
			"conditions": {
				"player": [
					{
						"condition": "minecraft:all_of",
						"terms": [
							{
								"condition": "minecraft:value_check",
								"value": {
									"type": "minecraft:score",
									"target": {
										"type": "minecraft:fixed",
										"name": "#game"
									},
									"score": "murder"
								},
								"range": 3
							},
							{
								"condition": "minecraft:entity_properties",
								"entity": "this",
								"predicate": {
									"nbt": "{Tags:['murder_player']}"
								}
							}
						]
					}
				],
				"damage": {
					"source_entity": {
						"equipment": {
							"mainhand": {
								"items": [
									"minecraft:iron_sword"
								]
							}
						}
					}
				}
			}
		}
	},
	"requirements": [
		[
			"murder",
			"detective"
		]
	],
	"rewards": {
		"function": "murder:death_handle"
	}
}