{
    "type": "minecraft:crafting_shapeless",
    "ingredients": [
        "minecraft:arrow",
        "minecraft:dragon_breath"
    ],
    "result": {
        "id": "minecraft:tipped_arrow",
        "count": 1,
		"components": {
			"hide_additional_tooltip": {},
			"custom_model_data": {
				"strings": [
					"dragon_breath_arrow"
				]
			},
			"custom_name": "{\"italic\":false,\"text\":\" [Dragon Breath Arrow\"}",
			"potion_contents":{
				"custom_color":13584350,
				"custom_effects":[
					{
						"id":"minecraft:unluck",
						"amplifier":30,
						"duration":2562900,
						"show_particles":false
					}
				]
			}
		}
    }
}