{
    "type": "minecraft:crafting_shapeless",
    "ingredients": [
        "minecraft:arrow",
        "minecraft:popped_chorus_fruit"
    ],
    "result": {
        "id": "minecraft:tipped_arrow",
        "count": 1,
		"components": {
			"hide_additional_tooltip": {},
			"custom_model_data": {
				"strings": [
					"shulker_bullet_arrow"
				]
			},
			"item_name": "{\"italic\":false,\"text\":\"Shulker Bullet Arrow\"}",
			"potion_contents":{
				"custom_color":6358422,
				"custom_effects":[
					{
						"id":"minecraft:unluck",
						"amplifier":18,
						"duration":2562900,
						"show_particles":false
					}
				]
			}
		}
    }
}