{
    "type": "minecraft:crafting_shapeless",
    "ingredients": [
        "minecraft:arrow",
        "minecraft:dripstone_block"
    ],
    "result": {
        "id": "minecraft:tipped_arrow",
        "count": 1,
		"components": {
			"hide_additional_tooltip": {},
			"custom_model_data": {
				"strings":  [
					"spike_arrow"
				]
			},
			"item_name": "{\"italic\":false,\"text\":\"Spike Arrow\"}",
			"potion_contents":{
				"custom_color":827760,
				"custom_effects":[
					{
						"id":"minecraft:unluck",
						"amplifier":31,
						"duration":2562900,
						"show_particles":false
					}
				]
			}
		}
    }
}