{
	"type": "minecraft:entity",
	"pools": [
		{
			"rolls": 1,
			"entries": [
				{
					"type": "minecraft:item",
					"name": "minecraft:bone",
					"functions": [
						{
							"function": "minecraft:set_components",
							"components": {
								"minecraft:item_name": "'Wither Bone'",
								"minecraft:custom_data": {
									"wither_soldier": true
								},
								"minecraft:item_model": "minecraft:wither_bone"
							}
						},
						{
							"function": "minecraft:set_count",
							"count": {
								"type": "minecraft:uniform",
								"min": 0,
								"max": 2
							}
						},
						{
							"count": {
							  "type": "minecraft:uniform",
							  "max": 1,
							  "min": 0
							},
							"enchantment": "minecraft:looting",
							"function": "minecraft:enchanted_count_increase"
						  }
					]
				}
			]
		},
		{
			"rolls": 1,
			"entries": [
				{
					"type": "minecraft:item",
					"name": "minecraft:player_head",
					"functions": [
						{
							"function": "minecraft:set_components",
							"components": {
								"minecraft:item_name": "'Wither Soldier Skull'",
								"minecraft:custom_data": {
									"iswither_soldier_skull": true
								},
								"minecraft:profile": {
									"id": [796691714, 431835968, -1835733848, -681219558],
									"properties": [
										{
											"name": "textures",
											"value": "eyJ0ZXh0dXJlcyI6eyJTS0lOIjp7InVybCI6Imh0dHA6Ly90ZXh0dXJlcy5taW5lY3JhZnQubmV0L3RleHR1cmUvMTJkYjllZGI1MWFlOGQxZDQzZWQ5YjU0NWUwN2QzNjMwN2RlMjQwMmIzMWU1YTQ1ZTRiODhlNTAzNjFkOTRkMCJ9fX0="
										}
									]
								}
							}
						}
					]
				}
			],
			"conditions": [
				{
					"condition": "minecraft:killed_by_player"
				},
				{
					"condition": "minecraft:random_chance_with_enchanted_bonus",
					"enchanted_chance": {
					  "type": "minecraft:linear",
					  "base": 0.035,
					  "per_level_above_first": 0.01
					},
					"enchantment": "minecraft:looting",
					"unenchanted_chance": 0.025
				  }
			]
		}
	]
}
