{
	"type": "minecraft:entity",
	"pools": [
		{
			"rolls": 1,
			"entries": [
				{
					"type": "minecraft:item",
					"name": "minecraft:bone",
					"functions": [
						{
							"function": "minecraft:set_components",
							"components": {
								"minecraft:item_name": "'Wither Bone'",
								"minecraft:custom_data": {
									"wither_soldier": true
								},
								"minecraft:custom_model_data": 453524457
							}
						},
						{
							"function": "minecraft:set_count",
							"count": {
								"type": "minecraft:uniform",
								"min": 0,
								"max": 2
							}
						},
						{
							"count": {
							  "type": "minecraft:uniform",
							  "max": 1,
							  "min": 0
							},
							"enchantment": "minecraft:looting",
							"function": "minecraft:enchanted_count_increase"
						  }
					]
				}
			]
		}
	]
}
