[
  {
    "condition": "minecraft:entity_properties",
    "entity": "this",
    "predicate": {
      "type": "minecraft:item",
      "nbt": "{Item:{tag:{SkullOwner:{Properties:{textures:[{Value:\"eyJ0ZXh0dXJlcyI6eyJTS0lOIjp7InVybCI6Imh0dHA6Ly90ZXh0dXJlcy5taW5lY3JhZnQubmV0L3RleHR1cmUvMTJkYjllZGI1MWFlOGQxZDQzZWQ5YjU0NWUwN2QzNjMwN2RlMjQwMmIzMWU1YTQ1ZTRiODhlNTAzNjFkOTRkMCJ9fX0=\"}]}}}}}"
    }
  },
  {
    "condition": "minecraft:inverted",
    "term": {
      "condition": "minecraft:entity_properties",
      "entity": "this",
      "predicate": {
        "type": "minecraft:item",
        "nbt": "{Item:{tag:{iswither_soldier_skull:1b}}}"
      }
    }
  }
]