{
    "type": "minecraft:crafting_shapeless",
    "ingredients": [
        {
            "item": "minecraft:arrow"
        },
        {
            "item": "minecraft:blaze_rod"
        }
    ],
    "result": {
        "id": "minecraft:tipped_arrow",
        "count": 1,
		"components": {
			"hide_additional_tooltip": {},
			"custom_model_data": 4523473,
			"item_name": "'Lightning Arrow'",
			"potion_contents":{
				"custom_color":16777215,
				"custom_effects":[
					{
						"id":"minecraft:unluck",
						"amplifier":19,
						"duration":2562900,
						"show_particles":false
					}
				]
			}
		}
    }
}