{
    "type": "minecraft:crafting_shapeless",
    "ingredients": [
        {
            "item": "minecraft:arrow"
        },
        {
            "item": "minecraft:phantom_membrane"
        }
    ],
    "result": {
        "id": "minecraft:tipped_arrow",
        "count": 1,
		"components": {
			"hide_additional_tooltip": {},
			"custom_model_data": 4523479,
			"item_name": "'Quicksand Arrow'",
			"potion_contents": {
				"custom_color": 14074645,
				"custom_effects": [
					{
						"id": "minecraft:unluck",
						"amplifier": 25,
						"duration": 2562900,
						"show_particles": false
					}
				]
			}
		}
    }
}