{
	"function": "minecraft:copy_nbt",
	"source": {
		"type": "minecraft:storage",
		"source": "powerench_main:durability"
	},
	"ops": [
		{
			"source": "durability",
			"target": "Damage",
			"op": "replace"
		}
	],
	"conditions": [
		{
			"condition": "minecraft:inverted",
			"term": {
				"condition": "minecraft:entity_properties",
				"entity": "this",
				"predicate": {
					"player": {
						"gamemode": "creative"
					}
				}
			}
		},
		{
			"condition": "minecraft:inverted",
			"term": {
				"condition": "minecraft:entity_properties",
				"entity": "this",
				"predicate": {
					"equipment": {
						"mainhand": {
							"nbt": "{Unbreakable:1b}"
						}
					}
				}
			}
		}
	]
}
